summary,mask_perimeter,mask_area,mask_compactness,mask_convexity,mask_solidity,bending_energy,total_abs_curv,nearest_boundary_score_slope,nearest_boundary_score_err,convex_overlap,surroundedness_degree,case
count,100.0,100.0,100.0,100.0,100.0,100.0,100.0,100.0,100.0,100.0,100.0,1
mean,343.0002490067482,1806.13,0.2475633466945087,0.6607417892870044,0.6649989974313922,3.407270899577037,1.0747916630817536,156.39810607549657,17.924702448810095,0.05407235016088846,0.1517860692267406,1
std,539.8355048196541,4241.686784866262,0.1428254034079753,0.1527057396177702,0.13919413209778062,0.9398035967919376,0.18309443257622796,41.362964171494184,22.736327566040437,0.10009538986752506,0.3021211120561342,1
min,72.18376553058624,186.0,0.028143745304626683,0.2862724724364675,0.39120425498134476,1.2391115174613285,0.6185010536754906,72.206406896526,0.5046008703401396,0.0,0.0,1
25%,108.07894906401634,273.5,0.1316215515352517,0.5418420013606033,0.5618628755619066,2.7274309506084675,0.9392837779553904,123.2627545674859,3.467532308490991,0.0,0.0,1
50%,138.61017167568207,455.0,0.23503700208646539,0.6955115236197026,0.6584719423613282,3.4255423830265865,1.0793992862397612,153.82211819003396,8.400121619880197,0.004439365200151445,0.0,1
75%,335.86247873306274,1109.25,0.33828454848478057,0.7628711111487013,0.7784058068009662,4.135667275431633,1.2165971550666355,182.13263110311703,24.9601213685193,0.059046052631578944,0.0,1
max,3435.0217559337616,27780.0,0.7500516757779673,0.9447577127722486,0.9592233009708738,5.80816447118563,1.4697054740803732,293.0556895219453,110.60467557781534,0.65625,0.82123950635418,1
count,100.0,100.0,100.0,100.0,100.0,100.0,100.0,100.0,100.0,100.0,100.0,2
mean,304.5968822491169,3630.2,0.44194806881903353,0.7961781735885728,0.8561081976717613,3.2523063733088677,1.0558668817609442,136.82388523634938,17.904458195084725,0.0675702986651877,0.12480930637266432,2
std,1403.9056451923836,24633.054858802378,0.2019397453467164,0.14436095133074175,0.17508981534715057,1.2958285049332374,0.26979515553810224,48.835575257370756,24.837647896771635,0.1569129449842636,0.27250377007022497,2
min,30.38477599620819,58.0,0.01629627888670751,0.2176096544315868,0.40727674358754395,0.9084522232820885,0.4405892136132027,63.074296469191694,0.16767648036408045,0.0,0.0,2
25%,46.49137753248215,90.75,0.2982763695047457,0.7298112476463513,0.752380190359568,2.2832743877311135,0.8628872798530494,102.4897063161468,3.176116912371282,0.0,0.0,2
50%,62.76955199241638,131.0,0.44195975708801005,0.8231073752551017,0.8682266291543722,3.268918196476071,1.1046795906916282,130.46676637188494,7.4633023943396495,0.0,0.0,2
75%,93.24011445045471,249.5,0.580339189648663,0.9123490513873836,1.0023364485981308,4.186504069241847,1.2337296150034913,156.36838716844832,18.861735012006974,0.04331642836775428,0.0,2
max,11837.693895936012,234691.0,0.9278291400167811,0.9866862018566654,1.1904761904761905,6.294390561919234,1.6669675304762166,299.129949351065,115.12109770224521,0.8888888888888888,0.7734930234266113,2
count,100.0,100.0,100.0,100.0,100.0,100.0,100.0,100.0,100.0,100.0,100.0,3
mean,421.6666672670841,1868.07,0.18455525860720723,0.5940058111093982,0.6034629276324215,3.4688779964583483,1.1068312415330102,93.56610615270465,4.977156353057455,0.28434981729895425,0.3457322828785243,3
std,482.36169110021865,2750.5602450622987,0.10991800530932597,0.1350050095854151,0.11334312999385737,0.8425413860502351,0.17389156830449587,35.3133131692396,4.744098639722161,0.2471627539341425,0.3780031756223711,3
min,94.91168737411499,365.0,0.018783079773795584,0.2535518490217806,0.3638790035587189,0.920739748814862,0.37537412221201577,60.1101535480235,0.4139522354315373,0.0,0.0,3
25%,172.43428751826286,525.0,0.1030932461187963,0.5080825102268965,0.5239307631698683,3.000088520166887,1.0105598651323144,72.6288233922808,1.7819551608639355,0.077051565830464,0.0,3
50%,252.3000335097313,772.5,0.16133088676507606,0.6059677034280404,0.6029682890855457,3.443947875100195,1.1172504643054908,83.97791383256839,3.761941251577837,0.21725692785475395,0.0,3
75%,423.77416610717773,1679.25,0.23578127216491301,0.6843615244238647,0.67816867360789,3.908799916441557,1.2037020044982154,97.46966004160105,6.710076297805283,0.471186072651101,0.754394430255584,3
max,2596.6815744638443,12913.0,0.5607851802313599,0.8932126979862346,0.9009661835748792,5.79378062096659,1.5487758175407627,258.0384565414385,29.05207970238932,0.8369098712446352,0.8976338790382897,3
count,100.0,100.0,100.0,100.0,100.0,100.0,100.0,100.0,100.0,100.0,100.0,4
mean,190.87228952884675,1488.22,0.4547111361432787,0.7837633636228867,0.8704868542217199,3.6964387884244134,1.1392556245351957,170.3052205798142,18.468928695561843,0.07601369951486847,0.0879012750696538,4
std,461.2202594347362,6639.775363700494,0.2427871378200828,0.15259327283236596,0.19733963479840663,1.53771844498885,0.2967611567085942,75.62137105980915,19.460075801895595,0.1578190462579143,0.2402162348575651,4
min,28.727921843528748,52.0,0.058443047286719264,0.3268033352912132,0.4547081990691013,0.8350046406409443,0.48847934552768124,60.00035222423065,0.881718689671417,0.0,0.0,4
25%,41.748736917972565,72.0,0.26298379238934416,0.6926224685437993,0.7185016195764603,2.737167122161653,0.9349079159772253,102.50744922013982,4.0235969707431956,0.0,0.0,4
50%,59.5979790687561,123.5,0.4220979222751903,0.8295107016340189,0.871018257521325,3.6416557485864676,1.128751725189221,158.6476235085067,9.106094722653038,0.0,0.0,4
75%,117.614482909441,299.75,0.64253452104498,0.907189224762921,1.0317225950782998,4.5155331747644825,1.305240785290072,233.12352234816095,31.632427239388164,0.05988234445461933,0.0,4
max,3461.5558075904846,55727.0,1.012174817464838,0.9812768468573698,1.2,8.654596283531008,2.103745080528879,376.8692099929905,69.57356501493291,0.7272727272727273,0.7925916165976388,4
count,100.0,100.0,100.0,100.0,100.0,100.0,100.0,100.0,100.0,100.0,100.0,5
mean,128.5677627980709,1004.24,0.5280219419546678,0.8353445760581044,0.9197458987883732,3.526077719607284,1.0867682984788798,127.3134471508781,12.425464505373284,0.25368642207503483,0.10513775540650606,5
std,470.4917562691711,7653.126276261488,0.2520631466751567,0.1284238894833994,0.22558731322501085,1.8159311146397965,0.3474950061691207,44.063700956192775,25.42706270238332,0.31198231976685936,0.26199065927207316,5
min,22.727921843528748,38.0,0.04369338211147497,0.3159778376524636,0.4028268551236749,0.8598518985797547,0.3331992208352811,57.96502396104911,0.3280810772707969,0.0,0.0,5
25%,33.98096999526024,56.75,0.3409949236169697,0.7924413287284435,0.782437275985663,2.10778775713916,0.8257507006146103,93.03350335265272,2.186228307843479,0.0,0.0,5
50%,48.162950456142426,99.0,0.517003899100129,0.8701095376982679,0.9434723067559343,3.3743961554988773,1.040661602375565,124.24231542774167,4.6348959504259,0.1225,0.0,5
75%,77.40127983689308,185.5,0.7057759753528736,0.9245549801609156,1.1065856777493606,4.374927012459484,1.267230804104999,155.09332420516364,9.398602942236256,0.4730345412163594,0.0,5
max,4695.618858575821,76664.0,1.0481050205612732,0.9903889691589175,1.28125,9.837138597138406,2.2735209993084027,338.41528646548664,199.37523003325754,1.0,0.7782676717193682,5
count,100.0,100.0,100.0,100.0,100.0,100.0,100.0,100.0,100.0,100.0,100.0,6
mean,247.13088699221612,837.17,0.21563362699090077,0.6324875018357821,0.646928544789542,3.6365531116990684,1.1299914747327204,142.77868446180273,17.000845893362538,0.04148584266825419,0.6165025875607658,6
std,123.22475432901672,514.6028978982264,0.12832152265417332,0.11682411864019994,0.11710964503151712,0.9842661627588597,0.18042736508077814,43.89248917012103,12.940704340696625,0.05665921396492977,0.2904711731464098,6
min,86.91168737411499,392.0,0.058283138927288626,0.38395091821325816,0.4540962288686606,1.8349999779336303,0.7318482886203497,64.16873941534148,0.45257794259123346,0.0,0.0,6
25%,155.0096664428711,477.5,0.12829335748611975,0.5527640967480187,0.5534975098401584,2.959674557829829,1.0098998009462619,107.82351687401638,6.45393872322956,0.0,0.7352958370845565,6
50%,223.45079135894775,658.0,0.17343990098136336,0.6189345880591224,0.6240792812688034,3.5140069062369603,1.1203246737715566,134.90965304294576,15.189035671900813,0.017862173538379954,0.754394430255584,6
75%,299.0089253485203,1030.5,0.27553017117791956,0.7215633589451118,0.7232604385665427,4.219055424157061,1.2229711550974394,172.8144776242876,23.97952581246153,0.05061976101301944,0.754394430255584,6
max,700.3645666837692,2741.0,0.655465325717616,0.9200414768467988,0.9692496924969249,6.608682315899337,1.6601530040676602,278.0203877481899,67.78594073575024,0.26153846153846155,0.8116902097686662,6
count,100.0,100.0,100.0,100.0,100.0,100.0,100.0,100.0,100.0,100.0,100.0,7
mean,451.5816837644577,2811.32,0.25297527287807553,0.679213104215522,0.6571532017615275,3.10521441932269,0.9799464410794352,377.37093003470983,61.16167537937189,0.01815561546372321,0.22775072356450224,7
std,1441.2207067496927,13449.531609042237,0.14520553292640836,0.15028645391660436,0.13724005858535646,1.0298066013677374,0.18351045851139522,148.46806574515833,79.97267279234337,0.06604499658926179,0.3379489140048545,7
min,75.01219260692596,310.0,0.008414962913121219,0.1609593149245318,0.3309931506849315,0.7805044296779851,0.5254424332588563,77.30957310385654,0.3670379056227045,0.0,0.0,7
25%,133.01397767663002,408.0,0.16675583969332064,0.6061955005540475,0.5742186460965554,2.458021704515851,0.8665008790861001,293.0548805419542,23.95344971767942,0.0,0.0,7
50%,186.6518018245697,650.5,0.2336594236497753,0.6908497838096948,0.6559742765273312,3.032856501479868,0.9901009731473884,348.74006411483936,34.19634022342221,0.0,0.0,7
75%,290.48811027407646,1253.75,0.31810816876358583,0.7825665719444759,0.7485,3.8457617403105235,1.1000389822189538,479.53894372635386,53.600609958004426,0.007552039149983034,0.7221655542794752,7
max,14068.115584850311,132530.0,0.8020257261848485,0.9297549940569605,1.0333333333333334,5.990301560105623,1.4835298641951802,798.2115540030744,422.38043441243815,0.5724465558194775,0.783042320012125,7
count,100.0,100.0,100.0,100.0,100.0,100.0,100.0,100.0,100.0,100.0,100.0,8
mean,138.20504536747933,276.24,0.21322970849419146,0.6459006618226091,0.6357746731652789,4.065860408116297,1.282278194694856,132.1337448720205,9.523119333825296,0.08043011007257657,0.19117691764198466,8
std,77.05159291609216,198.15798818828443,0.0968894391530035,0.09469304888715262,0.1218059230124237,0.9545827130636968,0.18710201212588057,129.79637288292335,12.269044540865442,0.09717541803387915,0.32717079272893684,8
min,61.11269783973694,149.0,0.053217439511284055,0.4242930798098621,0.3771626297577855,1.9644308759860551,0.8578964554033666,45.17677493694359,0.4600815331747175,0.0,0.0,8
25%,93.09366783499718,174.0,0.15094955377992889,0.5732735153466941,0.5320608178232893,3.4018062557283506,1.151816815897042,64.39439259111391,3.3320775609742386,0.0061089195704580315,0.0,8
50%,117.41778367757797,216.0,0.19842132275071317,0.6410255131266208,0.6419637432198053,3.949649380289423,1.2827970002626008,86.44102428002415,5.143069477708205,0.04940425531914894,0.0,8
75%,146.30255967378616,290.5,0.24845170551252355,0.7187483943262925,0.7208717649106233,4.675263452268713,1.3979793151859075,130.40663541928762,10.910305558752071,0.125,0.41061975317709,8
max,520.8843377828598,1546.0,0.6123762508767625,0.8803863570113593,0.9251439539347409,7.209852139774282,1.8325957145940455,622.2064385487303,87.75314135601752,0.44329896907216493,0.7639437268410976,8
count,100.0,100.0,100.0,100.0,100.0,100.0,100.0,100.0,100.0,100.0,100.0,9
mean,244.72559364795686,2291.53,0.4536686488972274,0.7955967042297736,0.8533798023966915,3.0669618183880245,0.9465153530965223,297.9678283845099,52.105258320013526,0.17747386911956764,0.15789761904146937,9
std,442.48652991105047,5848.58995258125,0.22505783959470513,0.14730897121592446,0.175878148112951,1.5187194274680857,0.3060035027318543,236.34390418591775,61.532510499758416,0.2788274295179598,0.3036795632557687,9
min,28.727921843528748,63.0,0.03859521816632013,0.3189242818222646,0.4974752893046675,0.41908148458824085,0.29377488554561043,61.980469556234354,0.32476167804239114,0.0,0.0,9
25%,52.577163994312286,95.25,0.26767351252358373,0.7188297906740762,0.74680464778504,1.9490385520490836,0.7193108179384098,91.09706335021414,3.9411126030865486,0.0,0.0,9
50%,96.08326029777527,242.0,0.4466343200047792,0.8359552777593563,0.8523064391665952,2.8744563085258243,0.9255550316794989,211.74759874796962,31.744419483265034,0.0,0.0,9
75%,234.42997628450394,1155.25,0.6330892713757713,0.9087609992575937,0.9842492339121552,3.8123782905758574,1.146307319434847,507.5263043486389,86.0664919481439,0.3090901650365899,0.0,9
max,2629.7698870897293,35547.0,0.9744990427090555,0.9756492177048808,1.2075471698113207,8.044755670679606,1.734420944169365,793.5553509689572,264.0914207888302,0.9459459459459459,0.8642113409889917,9
count,100.0,100.0,100.0,100.0,100.0,100.0,100.0,100.0,100.0,100.0,100.0,10
mean,342.0532850432396,2227.53,0.34960401263081936,0.7315719772626678,0.773056562663176,3.754248459410054,1.1627574369155165,156.8064279205472,28.0634444724158,0.13513075104308325,0.09682986737710912,10
std,1479.1608132288447,14819.77029597131,0.1983027975156907,0.16370113934067776,0.18738400770588204,1.4324419122700125,0.2740959549830694,129.19814552427346,47.22969367922502,0.21434804791238402,0.2506779506439381,10
min,31.79898953437805,68.0,0.0092485873098,0.15655259911818245,0.41244005231797704,1.1133395208545922,0.6187985529798078,52.423330022373314,0.40943992362017256,0.0,0.0,10
25%,54.662950456142426,97.75,0.22037621869620208,0.6491566497435373,0.6261923568832106,2.8118920805018957,0.9530648946073674,86.80017088605305,3.694506273213476,0.0,0.0,10
50%,78.96193999052048,170.5,0.314132919070323,0.7727660326999847,0.7669683257918551,3.5187574355977524,1.1016583842426066,105.83079814707094,9.01081902564151,0.03018018018018018,0.0,10
75%,143.40306490659714,404.5,0.4531083699349779,0.8396007748609888,0.9020794243712668,4.478693655421251,1.3466042099245559,154.31973534592797,23.10717059918952,0.1818972044770144,0.0,10
max,14114.97553741932,146631.0,0.9039522285675069,0.9691753556817766,1.1654676258992807,8.041899882369105,1.9761631208064827,556.5782961701293,201.77577213548042,0.926829268292683,0.9692536034296426,10
count,100.0,100.0,100.0,100.0,100.0,100.0,100.0,100.0,100.0,100.0,100.0,13
mean,372.32921766161917,1612.64,0.18974158423613677,0.5994939633412634,0.6219590552813968,3.3297589297137606,1.0624719592034133,506.14285431721567,46.05837574626824,0.014236150651755439,0.1981001576664821,13
std,694.0871179390643,4638.097721604356,0.10243076991089853,0.1246837466021611,0.10993559290996714,0.8440454500114303,0.1681679329740878,288.70273341454595,43.67822433837152,0.03863317583130382,0.3288245575491872,13
min,91.25483322143555,384.0,0.013721620943398238,0.18506334496705745,0.384770211338477,1.1066107949713881,0.5880619414382904,110.37825083190013,0.34297836821565225,0.0,0.0,13
25%,173.19164690375328,499.0,0.12406428836026245,0.5356118620196191,0.5535664954090648,2.7717546792675067,0.9665496438362016,237.1415813396762,18.13009387870354,0.0,0.0,13
50%,218.52185904979706,722.5,0.1625625425274627,0.5924943220263834,0.603926847364062,3.4497551909245976,1.0799861831532724,467.0240954871758,31.089084497442524,0.0,0.0,13
75%,322.07568180561066,1145.25,0.24270889695748038,0.6740782574251026,0.6987532067392113,3.7720164546325226,1.1556837597728018,772.1890528323322,63.97598479185888,0.00797526637618542,0.6207042780583918,13
max,6281.090194344521,43079.0,0.5915400852921252,0.8818684100877775,0.9549330085261876,5.651268047984008,1.526892081636033,1063.5247500996018,249.63771878673336,0.27956989247311825,0.8594366926962348,13
count,100.0,100.0,100.0,100.0,100.0,100.0,100.0,100.0,100.0,100.0,100.0,14
mean,516.8820595955849,1997.0,0.12361294253251835,0.5212114005597058,0.5384575351318707,3.2443704635122823,1.038228576333323,373.22915620180225,97.22973967690794,0.005544693058316972,0.21366551110086948,14
std,358.02276911774555,1825.3277718665968,0.07867850912538567,0.12569151666948378,0.10632875814480022,0.7755101618761702,0.16075509127534643,179.50378574297957,108.82408885268465,0.013703785407141194,0.3321723666144342,14
min,155.4385987520218,902.0,0.020638668582046195,0.27582312331198555,0.33241793062655794,1.2928153681635277,0.5388606233175318,112.15009718195381,2.4092016926745212,0.0,0.0,14
25%,319.19090580940247,1093.0,0.07133417009587432,0.42958589035911754,0.4638742137429737,2.8242028623444075,0.9548736673958942,219.1868842497167,18.414843893095423,0.0,0.0,14
50%,410.3954864144325,1380.0,0.1012714835295585,0.5054090060806129,0.5250112262263069,3.2711745169640567,1.0330722652483941,360.3971096070985,52.50085765054274,0.0,0.0,14
75%,552.763017475605,2005.25,0.15232293699865465,0.6086386524280955,0.6118885690534835,3.7456756671115956,1.141983222845316,478.07733163610584,141.3335515040852,0.004432263108958589,0.6732254092787172,14
max,2188.750554203987,12648.0,0.4873396082435511,0.8366130874835683,0.7940677966101695,5.164733537009646,1.4839785349540475,941.221991034584,416.63445635262127,0.09741379310344828,0.82123950635418,14
count,100.0,100.0,100.0,100.0,100.0,100.0,100.0,100.0,100.0,100.0,100.0,15
mean,501.1023923790455,2046.77,0.2029264951780889,0.6053958934170895,0.609863749134682,3.354201973079538,1.049011318266531,243.8145699618155,16.376130432691642,0.038748806196000206,0.18554283265653163,15
std,629.1525617623495,3072.792731179224,0.157625073118833,0.18881308726028925,0.1601811275923421,0.9462906761760771,0.1887788575083244,119.53420017350874,15.513723394093624,0.06751989448109766,0.32441073141977433,15
min,69.35533845424652,217.0,0.0164550250964173,0.21556002570143437,0.33815641761257326,0.7002084203475558,0.4457665251715247,88.36179230943559,0.6282593751013983,0.0,0.0,15
25%,143.90306490659714,392.75,0.07031679312669976,0.4594630964460804,0.47200467698503074,2.7900073236755167,0.9449206609952325,128.75961750701555,5.043822974616305,0.0,0.0,15
50%,209.67261689901352,841.5,0.1668403913556565,0.6387815528433833,0.6072092159048681,3.324170212729028,1.048325996833663,233.9050191761459,10.256412479519216,0.00944006285725086,0.0,15
75%,503.4848430156708,1945.75,0.2888636673277317,0.7523848682246925,0.7247103015184696,3.9095494887894473,1.1535075600825824,332.61750692471617,25.562570436698316,0.049228690462785725,0.12175353146529994,15
max,3610.22485435009,17067.0,0.7367085197190386,0.9456807580282175,1.0236406619385343,7.045079457356548,1.6318828506146978,533.8942900581081,68.93244510448585,0.359375,0.82123950635418,15
count,100.0,100.0,100.0,100.0,100.0,100.0,100.0,100.0,100.0,100.0,100.0,16
mean,656.302264266014,3206.03,0.14145810805405487,0.5372464873300062,0.5702438536433749,3.6891234778362967,1.1653747215110424,159.6756495507583,11.538168401349564,0.054854261819685314,0.470493842768261,16
std,1429.093651925635,10307.268171572285,0.08886421812659775,0.12859316482174385,0.11517989261625637,0.7651989717105633,0.15510925155437652,79.63689298034149,13.713623072231373,0.07479107945084898,0.3654780603281382,16
min,94.42640614509583,398.0,0.00816049279786579,0.16385055244671914,0.33535762483130904,1.7086752619385948,0.7618362184955249,83.79646954157701,0.6113850877574173,0.0,0.0,16
25%,211.24368458986282,506.0,0.08696768144127628,0.4803481191008061,0.4922255852466396,3.253936024470117,1.079852748272042,121.17185474140963,3.1944908837450567,0.010866546088753957,0.0,16
50%,274.6848095059395,788.0,0.1264615582134599,0.5505036680069968,0.5660971573208723,3.6813149255792297,1.182361747319033,139.20314227213592,7.088106594701488,0.034167191131024004,0.7281338646454212,16
75%,426.37645640969276,1406.0,0.16713520403786744,0.615758115457829,0.6474716050500022,4.145390140311004,1.2556473479281913,166.35901199274286,14.255155347822711,0.08096880274722076,0.754394430255584,16
max,10362.466412305832,86760.0,0.5862951114188016,0.8403969215205116,0.9234184239733629,5.531260730982414,1.5401963983508402,554.4725387959635,76.90547649428012,0.5290215588723052,0.9262817687948308,16
count,100.0,100.0,100.0,100.0,100.0,100.0,100.0,100.0,100.0,100.0,100.0,17
mean,251.862792699337,3814.37,0.5883939059965482,0.8527708152349576,0.96080663109559,3.753681632390863,1.114225263886583,192.77394375820057,33.33462101343011,0.06750149659827544,0.045884370093393426,17
std,1515.5507288087354,31749.387560992112,0.26860009025944886,0.12626623469861586,0.19947348209813223,1.9295008100065119,0.3721632912617439,78.12240678702804,44.746356176068275,0.1378616606765716,0.18450606411032572,17
min,18.485281229019165,32.0,0.017576274799400583,0.2251512174637797,0.4952008718148911,0.933183749461974,0.5306744347280056,74.04633749482484,0.6892821172285032,0.0,0.0,17
25%,32.97056245803833,53.75,0.38205520935911985,0.8108595609485336,0.8240612881868912,2.278975251221487,0.8321601232357176,137.63377415101232,3.6411706301316986,0.0,0.0,17
50%,47.041630148887634,100.0,0.5602572253332998,0.8836712989136737,0.9962406015037594,3.22736361910924,1.012290966156711,181.82740494886826,13.55694784800986,0.0,0.0,17
75%,74.18376553058624,196.0,0.812511590561962,0.9395154418291588,1.0903108843080642,5.384819164957403,1.4492862968465223,239.31718664922295,49.060957660618676,0.04073142414860681,0.0,17
max,15042.694231033325,316496.0,1.176813706398625,0.9903628445987612,1.3617021276595744,8.574218823446381,2.056995189850459,349.1027660079582,216.16181277451443,0.647887323943662,0.9883521966006701,17
count,100.0,100.0,100.0,100.0,100.0,100.0,100.0,100.0,100.0,100.0,100.0,18
mean,554.3739544761181,2475.03,0.17269341539924843,0.5745232386604359,0.5939976641673427,3.4737896979053136,1.0971551899125855,243.25196546807777,39.61396073357393,0.02002829628794841,0.2188221312570469,18
std,1302.7188531020308,7799.189633448134,0.10096051882705473,0.149824418526055,0.12004209356077042,0.7603005138651953,0.15723880122937073,96.58392302624856,48.093788936139696,0.05028149744299685,0.33714360967835105,18
min,99.39696860313416,302.0,0.006449560659779146,0.13774841032512108,0.3808167141500475,1.3680147229332524,0.6397194717995344,88.9546386097769,0.6462261818105685,0.0,0.0,18
25%,163.5703265964985,409.5,0.1017641753616118,0.49680104669698527,0.5088789596810035,3.02086840325666,1.000828445918059,195.4916194066864,6.4203041422642295,0.0,0.0,18
50%,230.1787132024765,657.0,0.15551135239840022,0.5922409055307146,0.5841941884717667,3.4574176873216462,1.0982990806564907,229.85633826092555,31.332311855869555,0.0,0.0,18
75%,378.15284579992294,1317.75,0.23650707550278077,0.6751397440494858,0.6772127531272065,3.84842390505708,1.172104648983896,260.71568406995857,51.17369679318362,0.01582977225122656,0.7018732990352584,18
max,11325.784296512604,65835.0,0.4592625007273795,0.8665337047973131,0.8486416558861578,5.771449700062312,1.5612183004120008,642.017775553664,356.4847345260496,0.3157894736842105,0.783042320012125,18
count,100.0,100.0,100.0,100.0,100.0,100.0,100.0,100.0,100.0,100.0,100.0,19
mean,560.6171717262268,3083.29,0.20159999977341644,0.5885599348249478,0.6402741335088785,3.330247988324569,1.0464178955436068,147.18082792155997,10.40764679279604,0.06311287396170538,0.36545158032761,19
std,769.1330410843749,5728.706124819588,0.13640710748677473,0.17393129744161306,0.1327591140420444,0.7903016943799461,0.1527133585674775,38.189824765961504,13.542074213808023,0.10851084110449587,0.37528944203669906,19
min,75.5979790687561,246.0,0.021795575596607213,0.2282923574079803,0.38483353884093713,0.8314068924830709,0.6260420143023137,85.55513724004163,0.4193492591173664,0.0,0.0,19
25%,139.1855506002903,403.0,0.0789905696208638,0.42184118375474533,0.5342622464449397,2.932862567036153,0.9617466986492518,122.83111845834587,1.971058729119607,0.0,0.0,19
50%,219.9863252043724,713.5,0.18509327383064716,0.5964925683898803,0.6298389247544951,3.297652957366522,1.0454361444952456,144.02121983049767,5.978276682565141,0.010511811023622048,0.0,19
75%,638.971909314394,2848.5,0.2830019699948171,0.7278993550324987,0.737285051476145,3.7791559628787024,1.113380385929715,167.5456537136139,11.600706154525342,0.06438769502502208,0.7496197819628271,19
max,4117.268572449684,33270.0,0.5716929548872249,0.8814870052891841,0.9314079422382672,5.200685939798164,1.449965840118366,268.40006111471325,76.55515832421369,0.5095613048368954,0.8498873961107211,19
count,100.0,100.0,100.0,100.0,100.0,100.0,100.0,100.0,100.0,100.0,100.0,20
mean,217.56803758263587,966.1,0.3503242315483218,0.732597832237767,0.7424453109147562,2.9899613870489588,0.9567456546580506,228.5879112224471,57.84815108674873,0.0020648015591138917,0.06016056848873644,20
std,263.30416326695683,1646.7688564782452,0.20365174033990113,0.1460999643433228,0.16820622593244228,1.0345386140483144,0.20110264515575238,73.72197267010797,85.53564871435107,0.014439037695045552,0.2050444467728596,20
min,46.62741661071777,153.0,0.04231207288781283,0.2970266992811348,0.3731028111389732,0.6572994734332052,0.5021398093852538,94.71211742683082,0.8849437074897153,0.0,0.0,20
25%,82.37615352869034,223.25,0.20219587323581595,0.641997683221925,0.607171036068844,2.4270880865144644,0.8290466938667664,171.11710283767238,4.343978456816773,0.0,0.0,20
50%,115.93250244855881,341.5,0.32498776520822803,0.7558631770237831,0.7405373067953507,2.940299672003749,0.9558053906973878,236.04864102880362,8.770430562570976,0.0,0.0,20
75%,222.33987858891487,935.25,0.46093647138827437,0.8306803795530171,0.8623805174558683,3.492672249584156,1.0626759917135993,268.41101739389796,70.07930818036361,0.0,0.0,20
max,1973.6652059555054,13116.0,0.9883784467025221,0.9677745810748871,1.0961538461538463,6.693481708185603,1.5707963267948961,402.766712922771,328.5684815625712,0.1388888888888889,0.754394430255584,20
count,100.0,100.0,100.0,100.0,100.0,100.0,100.0,100.0,100.0,100.0,100.0,21
mean,19.25530210852623,23.43,0.8533337281046498,0.8902195807036841,1.3869448521576797,4.800065251620675,1.494469925234042,122.8083714816767,58.99007651632337,0.03601388888888889,0.11912747490428366,21
std,13.68002560861841,27.41350216608781,0.33331794221967165,0.08087037480688558,0.39041662522715903,2.5014409171515726,0.5088192401602101,124.92767778985052,223.63075055519678,0.11088892188838465,0.2744726508227179,21
min,6.828427076339722,6.0,0.17277231844045074,0.6005054245511824,0.5045045045045045,1.2337005501361697,0.6357985132265058,38.504524745787215,0.19615665971900395,0.0,0.0,21
25%,12.485281229019165,9.75,0.6109380603510575,0.8407263091106832,1.1634569090033704,2.971162158244609,1.1404139998826586,74.44372232290335,1.8261914803751178,0.0,0.0,21
50%,15.899494767189026,16.5,0.8262603599364025,0.9100330781852641,1.3141447368421053,4.317951925476594,1.4186254326366408,87.04611773500224,3.5846503336937197,0.0,0.0,21
75%,22.435028612613678,26.0,1.0323835882276677,0.9558747350773416,1.5467032967032968,6.058840479557634,1.7716083572090169,97.1790300715255,6.429233673486599,0.0,0.0,21
max,107.53910398483276,216.0,1.8865423223315232,1.0,2.6666666666666665,17.58023283944042,3.9269908169872414,640.4487997019454,1067.1815274378946,0.6,0.754394430255584,21
count,100.0,100.0,100.0,100.0,100.0,100.0,100.0,100.0,100.0,100.0,100.0,22
mean,133.5828803420067,831.47,0.4822981053711017,0.8280920541413743,0.8796748062148961,3.6983032971217336,1.0991845570940482,186.7548718881076,34.601265582892005,0.08989319605948241,0.1358387439289327,22
std,361.22686956372877,5313.265469425168,0.232342004235322,0.13430886128023936,0.19918394128864808,1.5136587841407052,0.2931794682851299,79.4786787191858,38.37985066977164,0.1659150293529835,0.2914399773591469,22
min,28.14213538169861,58.0,0.03414112549872571,0.3090065766432823,0.32740286298568505,0.8598518985797547,0.3807991095260355,88.62751749641964,0.7671750958602949,0.0,0.0,22
25%,40.041630148887634,77.0,0.30949537711895886,0.7826731491699573,0.7312244732457498,2.5009490976883226,0.9004834205938447,124.47462640808043,4.9993616337023905,0.0,0.0,22
50%,54.99137753248215,106.5,0.47349029803684417,0.8659673025218464,0.8966200812766378,3.6702338351672026,1.1077474096046898,159.73844337331428,20.373242147367904,0.0,0.0,22
75%,95.41168737411499,239.75,0.6515208515139681,0.9151953089900118,1.041675496220951,4.696245401158913,1.2984405120683618,237.63491633467817,51.650391274718274,0.08041958041958042,0.0,22
max,3405.129401445389,53140.0,0.9996231783395062,0.9744960025903046,1.2622950819672132,7.378478290237477,1.72183443514056,456.9713180464512,163.71623623154534,0.6944444444444444,0.7973662648903956,22
count,100.0,100.0,100.0,100.0,100.0,100.0,100.0,100.0,100.0,100.0,100.0,24
mean,359.65213177204134,1089.68,0.138805281211512,0.5610178052069688,0.5552682802029172,3.805763417523353,1.1792585493760224,100.57406702929134,19.788513799956124,0.07116840731100431,0.4148691901576436,24
std,301.7197793047666,1173.8568467090256,0.07975071103522366,0.13148881952005273,0.11729322503307117,0.8450582608134578,0.16524545517404418,43.653406990270575,30.35763709424325,0.10422302060546751,0.38015589016710155,24
min,101.15432798862457,374.0,0.020029640817383124,0.24910419163698252,0.23012371312397267,1.7149083563411156,0.7442778407064824,47.50659164940424,0.7583520343873598,0.0,0.0,24
25%,201.52617028355598,502.0,0.0782448054479639,0.45329558731666886,0.4852920013414122,3.2492058704630367,1.04633636899989,64.43079422216965,3.6731594266015533,0.0,0.0,24
50%,268.4924215078354,702.0,0.12693872572267734,0.557561838842882,0.5467313988391107,3.7291402992752403,1.1781052622264068,92.21469767903119,6.676591907373377,0.0140127095229324,0.7305211887917995,24
75%,384.78457364439964,1060.0,0.17914663231487316,0.6481021379839235,0.6259174401483271,4.345301401291772,1.2971513047608387,119.53454159673316,21.754906569716212,0.11068010600146354,0.7591690785483407,24
max,2374.2551683187485,8985.0,0.4617732493342624,0.8781551741194105,0.8584474885844748,6.077678170302726,1.6189802631996482,273.37481662557445,150.33573371709164,0.4751712328767123,0.9071831756238035,24
count,100.0,100.0,100.0,100.0,100.0,100.0,100.0,100.0,100.0,100.0,100.0,31
mean,565.7735799336433,8604.73,0.31107598501290523,0.7219116920464227,0.7377791150323004,3.660276745958868,1.139880419609534,106.25382607991217,8.116182274643757,0.15939013721930767,0.2687172059163561,31
std,4034.0689409674687,80448.85910571521,0.15528207358551396,0.13213151847560042,0.1353624254811404,1.2649641585654277,0.24477163183480666,51.66666826761225,8.691659152771448,0.20019821033512972,0.36103725208985754,31
min,48.28427076339722,129.0,0.00617715129147313,0.12021843670539295,0.4431895188615315,0.7839138912323579,0.4597452663789941,51.68847282709678,0.6010684986501708,0.0,0.0,31
25%,77.48706629872322,174.75,0.20849659752996583,0.6606727232816698,0.6533894883652647,2.764730672110944,0.9935922716907597,74.87009144883054,2.4332088615970155,0.004019431417457375,0.0,31
50%,108.76092952489853,269.5,0.26897393323301955,0.7453605093443241,0.715731075260968,3.683135137542448,1.1638744419084568,87.74248832082722,4.805411611128569,0.08601457451684055,0.0,31
75%,181.020073980093,564.75,0.40352217015850894,0.8013014611747307,0.8316123635565794,4.446187019862029,1.2821412144961648,122.79857555852598,10.544207541511334,0.20770159791898923,0.7508134440360164,31
max,40467.74668753147,805001.0,0.793127408012943,0.9486384703532129,1.0467289719626167,6.696169853449932,1.7127357539149173,342.8424466666725,53.55595781940998,0.8970588235294118,0.7925916165976388,31
count,100.0,100.0,100.0,100.0,100.0,100.0,100.0,100.0,100.0,100.0,100.0,34
mean,368.241980202198,1565.1,0.19716801159799308,0.5981451943172185,0.6387300594171026,3.5394737344834435,1.1371814574267722,249.83808307642158,27.787147677426432,0.048063917299932424,0.2785529813994352,34
std,438.66560604024204,2782.517200251774,0.12050007339892876,0.1425841443620466,0.12595850442359333,0.8280562662956767,0.171921899225752,110.02140014371112,36.61598019550332,0.08438441445286192,0.35393557170864715,34
min,81.49747383594513,227.0,0.024987277158454498,0.2743808462899281,0.3638267296243071,1.460672164701281,0.722473087991718,83.19417468393284,0.5079855213695671,0.0,0.0,34
25%,128.57463783025742,375.5,0.10153139840894604,0.5071334004296134,0.5349732013055868,3.0486880390579234,1.0371063767351882,158.46952930886417,6.439265843419689,0.0,0.0,34
50%,213.52185904979706,643.0,0.15743860638319418,0.5971711457559852,0.6322341254539028,3.4669065372566537,1.1424683986460273,232.02026394508914,14.188680326821466,0.0047036118003859935,0.0,34
75%,402.148534566164,1386.0,0.26874915559223667,0.7246286058002454,0.7363011431626652,4.087642540301544,1.240021065308409,320.7729329037091,30.54857991473052,0.06554959469649366,0.7448451336700701,34
max,2543.995282769203,18354.0,0.5159013121386093,0.841380261707573,0.9322834645669291,5.907861789384475,1.5809963029429153,532.5128431005661,179.5086013897108,0.38729508196721313,0.7973662648903956,34
count,100.0,100.0,100.0,100.0,100.0,100.0,100.0,100.0,100.0,100.0,100.0,35
mean,263.5136165380478,2274.39,0.4902728890279671,0.8200276748331079,0.8536795658361876,3.112568936118615,0.9451611676323526,162.82486083083808,14.960587165584743,0.129413707600854,0.10451705112844767,35
std,574.3673968170733,8222.06288707955,0.2753704036426083,0.1527696391012282,0.21630720882780696,1.532243555259863,0.2992451284278545,57.70616565500222,17.58549165457159,0.1954217891316444,0.2613472856924311,35
min,32.97056245803833,86.0,0.03897603747979158,0.31461317847724574,0.4068451424499434,0.49780899391459477,0.354695944760138,76.67245387209113,0.30021505715999874,0.0,0.0,35
25%,54.22361060976982,138.75,0.23941254826479633,0.7648573861436208,0.6784595160725295,2.0382364781843294,0.73298764765816,118.88431720998051,3.0478862520930337,0.0,0.0,35
50%,80.64823168516159,249.0,0.4870768008842846,0.8798522972566312,0.8717176860280993,2.9043367117788996,0.923561062259685,157.41959348055934,7.942088241117843,0.0068808656213379445,0.0,35
75%,198.45510259270668,1062.75,0.7130416676116875,0.9325736663110726,1.0570840192291298,4.218617113832328,1.1359021558958482,202.44758620193014,18.55544218792064,0.22139411469747056,0.0,35
max,4270.474635243416,58235.0,0.9941584386206195,0.990234663303186,1.2125,6.9137679529006535,1.5466302294595906,315.9258435772298,83.2632649408254,0.9285714285714286,0.9167324722093171,35
count,100.0,100.0,100.0,100.0,100.0,100.0,100.0,100.0,100.0,100.0,100.0,37
mean,487.3132041025162,2471.64,0.17898018744418864,0.5857584107876608,0.5993098364074356,3.527673789957366,1.1129972948917009,208.033600199823,28.068486924182608,0.03071063485958339,0.22908762508647418,37
std,1016.2926577047286,8770.077895511153,0.11471068280684234,0.1499236330766039,0.13088965519698606,0.8657911339303538,0.1759685519553963,132.48947364697207,47.02293369594558,0.04745890499019205,0.3488448358572655,37
min,84.91168737411499,289.0,0.014082106101461631,0.1735558817109843,0.33926605504587154,1.2617391990029008,0.6187985529798077,61.81765707151082,0.9560790838611032,0.0,0.0,37
25%,146.22108444571495,399.25,0.09491620996578573,0.4820747223573897,0.5028901269746759,3.019324658810335,1.0209956200500687,92.37660931515475,4.314704623417409,0.0,0.0,37
50%,222.9863252043724,631.0,0.1491273469203309,0.5857905177813916,0.5868419309721481,3.4901593547545415,1.1007851028899793,159.99412262325313,11.576500266544526,0.007802307879182574,0.0,37
75%,417.5904005765915,1422.75,0.23350361262914393,0.6950855617189285,0.6898077642920506,4.04063518543521,1.2295617433938562,312.42270602005533,29.58357206867972,0.04088602903774325,0.7460387957432594,37
max,8382.72805070877,78746.0,0.6169900827603638,0.9434904780330889,0.9915966386554622,5.393195524219125,1.524596434830341,543.0916505834524,296.28567748156826,0.25853658536585367,0.8689859892817485,37
count,100.0,100.0,100.0,100.0,100.0,100.0,100.0,100.0,100.0,100.0,100.0,40
mean,557.9284293949604,3107.21,0.18129404676440358,0.5955857324002148,0.5823068443424966,3.1726883696367434,1.0129594188565014,230.72102135547354,33.58431652043923,0.03995671037166416,0.33990721196136087,40
std,752.1215419620595,6499.5664180098365,0.12870422157787514,0.14664851731557763,0.14467457135105383,0.743323184946149,0.14451136015671415,136.82031071615128,41.00822075227779,0.08388947305895583,0.3769011299435525,40
min,109.15432798862457,503.0,0.016932903464996044,0.2565869500035739,0.30376705067495935,1.6415071208756256,0.7024335686723657,53.54169785545777,1.140561831054518,0.0,0.0,40
25%,208.86931613087654,707.5,0.09446956178893323,0.49520249360768814,0.46951130120550405,2.6659823834166154,0.9041159793087327,117.1927746981299,5.694266384341567,0.0,0.0,40
50%,311.7264396548271,1129.0,0.15104613957117202,0.6044467352855258,0.5670901461812492,3.1711170275026337,1.0099219970647564,204.3701242249472,17.080003364232475,0.0006865841121697496,0.0,40
75%,492.0099693238735,2444.25,0.22758089459884623,0.6935259751223273,0.6725616425149681,3.5567992937409363,1.1142847974182084,289.60551244862734,49.40445519806038,0.035805751142092446,0.754394430255584,40
max,4996.763081908226,50033.0,0.5795291507363195,0.9009405182831144,0.9226856561546287,5.172052306340096,1.337766102490159,639.1408067141219,255.17356071057736,0.5130023640661938,0.8594366926962348,40
count,100.0,100.0,100.0,100.0,100.0,100.0,100.0,100.0,100.0,100.0,100.0,44
mean,676.181699745655,3356.6,0.1316741214104074,0.5013708225338902,0.5776885642508242,3.668939178826252,1.1625413885805265,125.6987456208285,9.977126065963137,0.04778452637970526,0.5252590586861823,44
std,865.8101068367176,6276.8206019199615,0.09215986015983156,0.13860675588840238,0.11440251314002435,0.7253246402126288,0.15213555943830814,35.53290237999989,10.514778247363681,0.049020554607306366,0.35234337007211664,44
min,126.1248904466629,538.0,0.01120698243551608,0.19761679222332704,0.3650773107580337,0.9901036262239323,0.5702891122758541,65.94950774825438,0.6937339766302794,0.0,0.0,44
25%,258.02795535326004,730.25,0.0671838122327759,0.42624866298347946,0.4952168866251983,3.2724815168202435,1.0836251811741822,97.91600181911541,2.56207945200468,0.01106921752545756,0.0,44
50%,369.5670593380928,1413.5,0.1079149641455632,0.4946389031172524,0.5688035739574885,3.712217861725877,1.1661309640929987,126.66004103282913,6.322403611528147,0.03258809840425532,0.7448451336700701,44
75%,815.7468165159225,3190.25,0.16484721142510536,0.5832527366053304,0.6401833738346995,4.155981159764404,1.259205569349274,144.7420915649218,14.89193904804296,0.07035991534885709,0.7639437268410976,44
max,5185.1104036569595,44195.0,0.4471206121366743,0.8931747607129836,0.9022195560887822,5.524998451381428,1.507770548250657,248.85596903221847,63.546664665570965,0.2095435684647303,0.8594366926962348,44
